{"sections":{"main":{"type":"main-register","disabled":true,"settings":{"padding_top":36,"padding_bottom":36}},"99678f2f-02d2-4e45-94f6-41cfdb1710fb":{"type":"register-contact","settings":{"heading":"Register for an Account","heading_size":"h1","color_scheme":"background-1","padding_top":36,"padding_bottom":36}},"e4ee06b1-c51f-4c10-b1ba-3785db2e0e2b":{"type":"rich-text","blocks":{"template--21549310345526__e4ee06b1-c51f-4c10-b1ba-3785db2e0e2b-text-1":{"type":"text","settings":{"text":"<p>To order your Waterway gear, you must request for an account to be created. This will allow us to confirm our customers and ensure that you recieve the best deals for your needs.<br\/>Account creation requests will be processed within 2 - 4 business days.<\/p>"}}},"block_order":["template--21549310345526__e4ee06b1-c51f-4c10-b1ba-3785db2e0e2b-text-1"],"settings":{"desktop_content_position":"center","content_alignment":"center","color_scheme":"","full_width":false,"padding_top":40,"padding_bottom":52}}},"order":["main","99678f2f-02d2-4e45-94f6-41cfdb1710fb","e4ee06b1-c51f-4c10-b1ba-3785db2e0e2b"]}