{"sections":{"cart-items":{"type":"main-cart-items","settings":{"color_scheme":"","padding_top":36,"padding_bottom":36}},"c40cb406-edc6-4932-be5e-32506091275a":{"type":"rich-text","blocks":{"template--21549309919542__c40cb406-edc6-4932-be5e-32506091275a-text-1":{"type":"text","settings":{"text":"<p>If you are buying Screen Printed Hoodies or Shirts, you will not be able to checkout unless you have added a minimum of 24 <a href=\"\/pages\/screen-printed-apparel\" target=\"_blank\" title=\"Screen Printed Apparel\">Screen Printed Apparel<\/a> to the cart.<\/p>"}}},"block_order":["template--21549309919542__c40cb406-edc6-4932-be5e-32506091275a-text-1"],"settings":{"desktop_content_position":"center","content_alignment":"center","color_scheme":"","full_width":true,"padding_top":0,"padding_bottom":0}},"cart-footer":{"type":"main-cart-footer","blocks":{"subtotal":{"type":"subtotal","settings":{}},"buttons":{"type":"buttons","settings":{}}},"block_order":["subtotal","buttons"],"settings":{"color_scheme":"","padding_top":40,"padding_bottom":40}}},"order":["cart-items","c40cb406-edc6-4932-be5e-32506091275a","cart-footer"]}