{"sections":{"0ac3292d-9aa7-4c3d-9530-e056dc6ce9a2":{"type":"rich-text","blocks":{"template--17642860347702__0ac3292d-9aa7-4c3d-9530-e056dc6ce9a2-16853138380e375412-0":{"type":"heading","settings":{"heading":"Welcome {{ collection.title }} Customer!","heading_size":"h1"}}},"block_order":["template--17642860347702__0ac3292d-9aa7-4c3d-9530-e056dc6ce9a2-16853138380e375412-0"],"settings":{"desktop_content_position":"center","content_alignment":"center","color_scheme":"background-1","full_width":true,"padding_top":40,"padding_bottom":52}},"banner":{"type":"main-collection-banner","disabled":true,"settings":{"show_collection_description":true,"show_collection_image":false,"color_scheme":"background-1"}},"product-grid":{"type":"main-collection-product-grid","disabled":true,"settings":{"products_per_page":16,"columns_desktop":4,"image_ratio":"adapt","show_secondary_image":false,"show_vendor":false,"show_rating":false,"enable_quick_add":false,"enable_filtering":false,"filter_type":"horizontal","enable_sorting":false,"columns_mobile":"2","padding_top":36,"padding_bottom":36}},"e6ca0248-89bb-4d36-b7a2-c33cd1633462":{"type":"featured-collection","settings":{"title":"Company Apparel","heading_size":"h2","description":"","show_description":false,"description_style":"body","collection":"co-op","products_to_show":4,"columns_desktop":4,"full_width":false,"show_view_all":true,"view_all_style":"solid","enable_desktop_slider":true,"color_scheme":"background-1","image_ratio":"adapt","show_secondary_image":false,"show_vendor":false,"show_rating":false,"enable_quick_add":false,"columns_mobile":"2","swipe_on_mobile":false,"padding_top":36,"padding_bottom":36}},"3ff8fce4-3957-4107-a6e8-ca2111abd20b":{"type":"featured-collection","settings":{"title":"Custom Items","heading_size":"h2","description":"","show_description":false,"description_style":"body","collection":"","products_to_show":4,"columns_desktop":4,"full_width":false,"show_view_all":true,"view_all_style":"solid","enable_desktop_slider":false,"color_scheme":"background-1","image_ratio":"adapt","show_secondary_image":false,"show_vendor":false,"show_rating":false,"enable_quick_add":false,"columns_mobile":"2","swipe_on_mobile":false,"padding_top":36,"padding_bottom":36}}},"order":["0ac3292d-9aa7-4c3d-9530-e056dc6ce9a2","banner","product-grid","e6ca0248-89bb-4d36-b7a2-c33cd1633462","3ff8fce4-3957-4107-a6e8-ca2111abd20b"]}