{"sections":{"image_banner":{"type":"image-banner","blocks":{"heading":{"type":"heading","settings":{"heading":"Waterway Shop","heading_size":"h1"}},"text":{"type":"text","settings":{"text":"Get the gear to empower your business","text_style":"body"}},"button":{"type":"buttons","settings":{"button_label_1":"Login","button_link_1":"https:\/\/tiered-customer-pricing.myshopify.com\/account\/login","button_style_secondary_1":false,"button_label_2":"Register","button_link_2":"https:\/\/waterwayinc.myshopify.com\/account\/register","button_style_secondary_2":true}}},"block_order":["heading","text","button"],"settings":{"image":"shopify:\/\/shop_images\/13662225_728364647304875_8612280197375740084_o.jpg","image_overlay_opacity":40,"image_height":"small","desktop_content_position":"bottom-center","show_text_box":true,"desktop_content_alignment":"center","color_scheme":"accent-1","image_behavior":"none","mobile_content_alignment":"center","stack_images_on_mobile":false,"show_text_below":false}},"9bdd786b-ee95-4413-8609-7f7edf56254a":{"type":"multirow","blocks":{"template--21549309985078__9bdd786b-ee95-4413-8609-7f7edf56254a-row-1":{"type":"row","settings":{"image":"shopify:\/\/shop_images\/Waterway_Apparel_Promos_2023_jacket_proof.png","caption":"Hoodies, shirts, and more!","heading":"The Apparel You Need","text":"<p>Gear up for the ultimate team exeperience with official Waterway apparel<\/p>","button_label":"","button_link":""}},"template--21549309985078__9bdd786b-ee95-4413-8609-7f7edf56254a-row-2":{"type":"row","settings":{"image":"shopify:\/\/shop_images\/DoubleMale136_84958a9b-9c40-4588-b827-d07c0c8d5868.jpg","caption":"Items necessary to run your business","heading":"Stock up on the Essentials","text":"<p>Need to replenish your inventory? Sign in and get your hands on the supplies you need to keep your business thriving!<\/p>","button_label":"","button_link":""}}},"block_order":["template--21549309985078__9bdd786b-ee95-4413-8609-7f7edf56254a-row-1","template--21549309985078__9bdd786b-ee95-4413-8609-7f7edf56254a-row-2"],"settings":{"image_height":"medium","desktop_image_width":"medium","heading_size":"h1","text_style":"body","button_style":"secondary","desktop_content_position":"middle","desktop_content_alignment":"left","image_layout":"alternate-left","section_color_scheme":"background-1","row_color_scheme":"accent-2","mobile_content_alignment":"left","padding_top":36,"padding_bottom":36}},"4e947817-4340-4be0-9da6-e130209e9a33":{"type":"rich-text","blocks":{"template--17642860511542__4e947817-4340-4be0-9da6-e130209e9a33-heading-1":{"type":"heading","settings":{"heading":"We have you Covered","heading_size":"h1"}},"template--17642860511542__4e947817-4340-4be0-9da6-e130209e9a33-text-1":{"type":"text","settings":{"text":"<p>Discover our extensive selection of products specifically designed to meet the unique needs and demands of your business.<\/p>"}},"template--17642860511542__4e947817-4340-4be0-9da6-e130209e9a33-button-1":{"type":"button","settings":{"button_label":"View Your Options","button_link":"https:\/\/tiered-customer-pricing.myshopify.com\/account\/login","button_style_secondary":true,"button_label_2":"","button_link_2":"","button_style_secondary_2":false}}},"block_order":["template--17642860511542__4e947817-4340-4be0-9da6-e130209e9a33-heading-1","template--17642860511542__4e947817-4340-4be0-9da6-e130209e9a33-text-1","template--17642860511542__4e947817-4340-4be0-9da6-e130209e9a33-button-1"],"custom_css":[".rich-text {box-shadow: inset 0 4px 5px -5px black, inset 0 -4px 5px -5px black;}"],"settings":{"desktop_content_position":"center","content_alignment":"center","color_scheme":"background-1","full_width":true,"padding_top":64,"padding_bottom":52}}},"order":["image_banner","9bdd786b-ee95-4413-8609-7f7edf56254a","4e947817-4340-4be0-9da6-e130209e9a33"]}