{"sections":{"main":{"type":"main-list-collections","disabled":true,"settings":{"title":"Collections","sort":"alphabetical","image_ratio":"square","columns_desktop":3,"columns_mobile":"2"}},"dfb622d3-2d15-4c12-8728-7734722f9980":{"type":"rich-text","blocks":{"template--21549310017846__dfb622d3-2d15-4c12-8728-7734722f9980-heading-1":{"type":"heading","settings":{"heading":"Uh oh.....","heading_size":"h1"}},"template--21549310017846__dfb622d3-2d15-4c12-8728-7734722f9980-text-1":{"type":"text","settings":{"text":"<p>Looks like I made an oopsie. Please return to the home screen...<\/p>"}},"template--21549310017846__dfb622d3-2d15-4c12-8728-7734722f9980-button-1":{"type":"button","settings":{"button_label":"Return","button_link":"https:\/\/waterwayinc.myshopify.com\/","button_style_secondary":false,"button_label_2":"","button_link_2":"","button_style_secondary_2":false}}},"block_order":["template--21549310017846__dfb622d3-2d15-4c12-8728-7734722f9980-heading-1","template--21549310017846__dfb622d3-2d15-4c12-8728-7734722f9980-text-1","template--21549310017846__dfb622d3-2d15-4c12-8728-7734722f9980-button-1"],"settings":{"desktop_content_position":"center","content_alignment":"center","color_scheme":"","full_width":true,"padding_top":40,"padding_bottom":52}}},"order":["main","dfb622d3-2d15-4c12-8728-7734722f9980"]}