{"layout":"password","sections":{"main":{"type":"email-signup-banner","blocks":{"heading":{"type":"heading","settings":{"heading":"Opening soon","heading_size":"h1"}},"paragraph":{"type":"paragraph","settings":{"text":"<p>Be the first to know when we launch.<\/p>","text_style":"body"}},"email_form":{"type":"email_form","settings":{}}},"block_order":["heading","paragraph","email_form"],"settings":{"image_overlay_opacity":0,"show_background_image":true,"image_height":"medium","desktop_content_position":"middle-center","show_text_box":true,"desktop_content_alignment":"center","color_scheme":"background-1","mobile_content_alignment":"center","show_text_below":true}},"a6535684-5583-404b-abc6-3d9403c9b04f":{"type":"custom-liquid","settings":{"custom_liquid":"","color_scheme":"background-1","padding_top":40,"padding_bottom":52}}},"order":["main","a6535684-5583-404b-abc6-3d9403c9b04f"]}