{"sections":{"main":{"type":"customfail-template","blocks":{"vendor":{"type":"text","settings":{"text":"{{ product.vendor }}","text_style":"uppercase"}},"title":{"type":"title","settings":{}},"price":{"type":"price","settings":{}},"variant_picker":{"type":"variant_picker","settings":{"picker_type":"button"}},"ea83bfbf-7506-474c-bb3a-4de7ebbf1896":{"type":"custom_liquid","settings":{"custom_liquid":"<style>.custom.form__label{margin-bottom: 0.6rem}.field.custom{margin-top:0}.custom .field__input{padding-top:0.8rem}<\/style>  \n<label class=\"form__label-text custom\" for=\"location\">Location<\/label>\n<div class=\"field custom\">\n    <input class=\"field__input\" form=\"{{ 'product-form-' | append: section.id }}\" type=\"text\" id=\"location\" name=\"properties[Location]\" required>\n    <script>\n    document.addEventListener(\"DOMContentLoaded\", ()=>{document.querySelector(\"form[novalidate]\").removeAttribute(\"novalidate\")})\n    <\/script>\n<\/div>\n\n<style>.custom.form__label{margin-bottom: 0.6rem}.field.custom{margin-top:0}.custom .field__input{padding-top:0.8rem}<\/style>  \n<label class=\"form__label-text custom\" for=\"phone-number\">Phone Number<\/label>\n<div class=\"field custom\">\n    <input class=\"field__input\" form=\"{{ 'product-form-' | append: section.id }}\" type=\"text\" id=\"phone-number\" name=\"properties[Phone Number]\" required>\n    <script>\n    document.addEventListener(\"DOMContentLoaded\", ()=>{document.querySelector(\"form[novalidate]\").removeAttribute(\"novalidate\")})\n    <\/script>\n<\/div>\n\n<style>.custom.form__label{margin-bottom: 0.6rem}.field.custom{margin-top:0}.custom .field__input{padding-top:0.8rem}<\/style>  \n<label class=\"form__label-text custom\" for=\"email\">Email<\/label>\n<div class=\"field custom\">\n    <input class=\"field__input\" form=\"{{ 'product-form-' | append: section.id }}\" type=\"text\" id=\"email\" name=\"properties[Email]\" required>\n    <script>\n    document.addEventListener(\"DOMContentLoaded\", ()=>{document.querySelector(\"form[novalidate]\").removeAttribute(\"novalidate\")})\n    <\/script>\n<\/div>"}},"quantity_selector":{"type":"quantity_selector","settings":{}},"buy_buttons":{"type":"buy_buttons","settings":{"show_dynamic_checkout":false,"show_gift_card_recipient":true}},"description":{"type":"description","settings":{}},"share":{"type":"share","settings":{"share_label":"Share"}}},"block_order":["vendor","title","price","variant_picker","ea83bfbf-7506-474c-bb3a-4de7ebbf1896","quantity_selector","buy_buttons","description","share"],"settings":{"enable_sticky_info":true,"color_scheme":"","media_size":"large","constrain_to_viewport":true,"media_fit":"contain","gallery_layout":"stacked","media_position":"left","image_zoom":"lightbox","mobile_thumbnails":"hide","hide_variants":true,"enable_video_looping":false,"padding_top":36,"padding_bottom":12}},"related-products":{"type":"related-products","settings":{"heading":"You may also like","heading_size":"h2","products_to_show":4,"columns_desktop":4,"color_scheme":"background-1","image_ratio":"square","image_shape":"default","show_secondary_image":true,"show_vendor":false,"show_rating":false,"columns_mobile":"2","padding_top":36,"padding_bottom":28}}},"order":["main","related-products"]}