{"sections":{"main":{"type":"main-product","blocks":{"vendor":{"type":"text","settings":{"text":"{{ product.vendor }}","text_style":"uppercase"}},"title":{"type":"title","settings":{}},"price":{"type":"price","settings":{}},"23d95e93-1170-4303-8d3e-3b0ef7c24f92":{"type":"variant_picker","settings":{"picker_type":"dropdown"}},"9b0e7fb1-b34f-4125-99b1-0a0d8441bbf7":{"type":"custom_liquid","settings":{"custom_liquid":"<style>.custom.form__label{margin-bottom: 0.6rem}.field.custom{margin-top:0}.custom .field__input{padding-top:0.8rem}<\/style>  \n<label class=\"form__label-text custom\" for=\"your-state\/region\">Your State\/Region<\/label>\n<div class=\"field custom\">\n    <input class=\"field__input\" form=\"{{ 'product-form-' | append: section.id }}\" type=\"text\" id=\"your-state\/region\" name=\"properties[Your State\/Region]\" required>\n    <script>\n    document.addEventListener(\"DOMContentLoaded\", ()=>{document.querySelector(\"form[novalidate]\").removeAttribute(\"novalidate\")})\n    <\/script>\n<\/div>"}},"quantity_selector":{"type":"quantity_selector","settings":{}},"buy_buttons":{"type":"buy_buttons","settings":{"show_dynamic_checkout":false,"show_gift_card_recipient":true}},"description":{"type":"description","settings":{}}},"block_order":["vendor","title","price","23d95e93-1170-4303-8d3e-3b0ef7c24f92","9b0e7fb1-b34f-4125-99b1-0a0d8441bbf7","quantity_selector","buy_buttons","description"],"settings":{"enable_sticky_info":true,"color_scheme":"","media_size":"small","constrain_to_viewport":true,"media_fit":"contain","gallery_layout":"thumbnail","media_position":"left","image_zoom":"none","mobile_thumbnails":"show","hide_variants":true,"enable_video_looping":false,"padding_top":36,"padding_bottom":12}},"related-products":{"type":"related-products","settings":{"heading":"You may also like","heading_size":"h2","products_to_show":4,"columns_desktop":4,"color_scheme":"background-1","image_ratio":"square","image_shape":"default","show_secondary_image":true,"show_vendor":false,"show_rating":false,"columns_mobile":"2","padding_top":36,"padding_bottom":28}}},"order":["main","related-products"]}